WKT,code,type,subtype,width,length,gap,id_2022,id_2020,id_1987,enabled,area,perimeter,get_shape,img,start_poin,end_point,road
"POLYGON((15.3835122801829 25.1874281500575,15.3835122750606 25.3382680421504,20.4115090940613 25.3382682336383,20.4115090994164 25.1874283165687,15.3835122801829 25.1874281500575))",longitudinal-discontinua__0.15_5_12_0,longitudinal-discontinua,,0.150000000000000,5.000000000000000,12.000000000000000,M1.1,M1.1,,"0",0.750000000000000,10.300000000000001,"0",catalog/M1_1.png,,,
"POLYGON((32.4787048578728 25.3382686932093,37.5067045076285 25.3382688846974,37.5067045129836 25.187428882707,32.4787048625294 25.1874287161957,32.4787048578728 25.3382686932093))",longitudinal-discontinua__0.15_5_12_1,longitudinal-discontinua,,0.150000000000000,5.000000000000000,12.000000000000000,M1.1,M1.1,,"0",0.750000000000000,10.300000000000001,"0",catalog/M1_1.png,,,
"POLYGON((15.3835122201126 26.3438673227698,15.3835122084711 26.4947072148627,19.4059095976409 26.4947075212432,19.4059096088167 26.343867609169,15.3835122201126 26.3438673227698))",longitudinal-discontinua__0.15_4_8.5_2,longitudinal-discontinua,,0.150000000000000,4.000000000000000,8.500000000000000,M1.2,M1.2,,"0",0.600000000000000,8.300000000000002,"0",catalog/M1_2.png,,,
"POLYGON((35.9983044704422 26.3438687905665,35.9983044806868 26.1930287960691,31.9759048938286 26.193028529651,31.975904883584 26.343868504167,35.9983044704422 26.3438687905665))",longitudinal-discontinua__0.15_4_8.5_3,longitudinal-discontinua,,0.150000000000000,4.000000000000000,8.500000000000000,M1.2,M1.2,,"0",0.600000000000000,8.300000000000002,"0",catalog/M1_2.png,,,
"POLYGON((15.3835121470038 27.1986267112962,15.3835121372249 27.2991866393582,17.3947107645217 27.299186845832,17.3947107747663 27.1986269111096,15.3835121470038 27.1986267112962))",longitudinal-discontinua__0.1_2_5.5_4,longitudinal-discontinua,,0.100000000000000,2.000000000000000,5.500000000000000,M1.3,M1.3,,"0",0.200000000000000,4.200000000000000,"0",catalog/M1_3.png,,,
"POLYGON((22.9255076881964 27.1986274605966,22.9255076784175 27.2991874136352,24.9367068053689 27.2991876201091,24.9367068156134 27.1986276604101,22.9255076881964 27.1986274605966))",longitudinal-discontinua__0.1_2_5.5_5,longitudinal-discontinua,,0.100000000000000,2.000000000000000,5.500000000000000,M1.3,M1.3,,"0",0.200000000000000,4.200000000000000,"0",catalog/M1_3.png,,,
"POLYGON((15.3835120305885 28.2042259919156,15.3835120100994 28.3550658840085,17.3947106383275 28.355066160417,17.394710658351 28.2042262583334,15.3835120305885 28.2042259919156))",longitudinal-discontinua__0.15_2_5.5_6,longitudinal-discontinua,,0.150000000000000,2.000000000000000,5.500000000000000,M1.3a,,,"0",0.300000000000000,4.300000000000000,"0",catalog/M1_3a.png,,,
"POLYGON((22.9255075517576 28.3550669205407,24.9367066791747 28.3550671969493,24.9367066987325 28.2042272574007,22.9255075717811 28.2042269909827,22.9255075517576 28.3550669205407))",longitudinal-discontinua__0.15_2_5.5_7,longitudinal-discontinua,,0.150000000000000,2.000000000000000,5.500000000000000,M1.3a,,,"0",0.300000000000000,4.300000000000000,"0",catalog/M1_3a.png,,,
"POLYGON((15.3835118804127 29.2098252725349,15.383511811262 29.6120649847827,16.3891111088451 29.6120651646147,16.3891111775301 29.2098254390461,15.3835118804127 29.2098252725349))",longitudinal-discontinua__0.4_1_1_8,longitudinal-discontinua,,0.400000000000000,1.000000000000000,1.000000000000000,M1.6,M1.6,M1.6,"1",0.400000000000000,2.800000000000000,"1",catalog/M1_6.png,,,
"POLYGON((18.4003098029643 29.6120655242789,18.4003098723479 29.2098257720684,17.3947105077095 29.2098256055573,17.3947104390245 29.6120653444468,18.4003098029643 29.6120655242789))",longitudinal-discontinua__0.4_1_1_9,longitudinal-discontinua,,0.400000000000000,1.000000000000000,1.000000000000000,M1.6,M1.6,M1.6,"0",0.400000000000000,2.800000000000000,"0",catalog/M1_6.png,,,
"POLYGON((15.3835116976406 30.2154245531543,15.3835116361734 30.5171043373401,16.3891109335236 30.5171045471441,16.3891109942924 30.2154247529677,15.3835116976406 30.2154245531543))",longitudinal-discontinua__0.3_1_1_10,longitudinal-discontinua,,0.300000000000000,1.000000000000000,1.000000000000000,M1.7,M1.7,M1.7,"1",0.300000000000000,2.600000000000000,"1",catalog/M1_7.png,,,
"POLYGON((17.3947103254031 30.2154249527811,17.394710263703 30.5171047569482,18.4003096281085 30.5171049667523,18.4003096891101 30.2154251525945,17.3947103254031 30.2154249527811))",longitudinal-discontinua__0.3_1_1_11,longitudinal-discontinua,,0.300000000000000,1.000000000000000,1.000000000000000,M1.7,M1.7,M1.7,"0",0.300000000000000,2.600000000000000,"0",catalog/M1_7.png,,,
"POLYGON((15.3835114808753 31.2210238337736,15.3835113605019 31.7238234740832,16.3891106573865 31.72382372385,16.3891107782256 31.2210240668892,15.3835114808753 31.2210238337736))",longitudinal-discontinua__0.5_1_1_12,longitudinal-discontinua,,0.500000000000000,1.000000000000000,1.000000000000000,M1.8,M1.8,M1.8,"1",0.500000000000000,3.000000000000000,"1",catalog/M1_8.png,,,
"POLYGON((17.3947101088706 31.2210243000049,17.3947099882644 31.7238239736167,18.4003093519714 31.7238242233835,18.4003094725776 31.2210245331205,17.3947101088706 31.2210243000049))",longitudinal-discontinua__0.5_1_1_13,longitudinal-discontinua,,0.500000000000000,1.000000000000000,1.000000000000000,M1.8,M1.8,M1.8,"0",0.500000000000000,3.000000000000000,"0",catalog/M1_8.png,,,
"POLYGON((15.383511231048 32.2266231143929,15.3835111910012 32.3774630064858,18.9031088771299 32.3774639564321,18.9031089174096 32.2266240468555,15.383511231048 32.2266231143929))",longitudinal-discontinua__0.15_3.5_1.5_14,longitudinal-discontinua,,0.150000000000000,3.500000000000000,1.500000000000000,M1.9,M1.9,,"0",0.525000000000000,7.300000000000000,"0",catalog/M1_9.png,,,
"POLYGON((23.9311062791385 32.3774653134984,23.931106319651 32.2266253789452,20.4115080502816 32.2266244464824,20.4115080104675 32.3774643635519,23.9311062791385 32.3774653134984))",longitudinal-discontinua__0.15_3.5_1.5_15,longitudinal-discontinua,,0.150000000000000,3.500000000000000,1.500000000000000,M1.9,M1.9,,"0",0.525000000000000,7.300000000000000,"0",catalog/M1_9.png,,,
"POLYGON((15.383510947926 33.2322223950122,15.3835109181236 33.3327823230741,17.3947095458861 33.3327829291748,17.3947095759213 33.2322229944524,15.383510947926 33.2322223950122))",longitudinal-discontinua__0.1_2_1_16,longitudinal-discontinua,,0.100000000000000,2.000000000000000,1.000000000000000,M1.10,M1.10,,"0",0.200000000000000,4.200000000000000,"0",catalog/M1_10.png,,,
"POLYGON((18.4003089095932 33.3327832322251,20.41150773759 33.3327838383259,20.411507767858 33.2322238936128,18.4003089398611 33.2322232941725,18.4003089095932 33.3327832322251))",longitudinal-discontinua__0.1_2_1_17,longitudinal-discontinua,,0.100000000000000,2.000000000000000,1.000000000000000,M1.10,M1.10,,"0",0.200000000000000,4.200000000000000,"0",catalog/M1_10.png,,,
"POLYGON((15.383510631742 34.2378216756315,15.3835105814505 34.3886615677244,17.394709209213 34.3886622437597,17.3947092599701 34.2378223416762,15.383510631742 34.2378216756315))",longitudinal-discontinua__0.15_2_1_18,longitudinal-discontinua,,0.150000000000000,2.000000000000000,1.000000000000000,M1.10a,,,"0",0.300000000000000,4.300000000000000,"0",catalog/M1_10a.png,,,
"POLYGON((18.4003085731529 34.3886625817774,20.4115074006841 34.3886632578129,20.4115074512083 34.2378233407433,18.4003086241428 34.2378226746985,18.4003085731529 34.3886625817774))",longitudinal-discontinua__0.15_2_1_19,longitudinal-discontinua,,0.150000000000000,2.000000000000000,1.000000000000000,M1.10a,,,"0",0.300000000000000,4.300000000000000,"0",catalog/M1_10a.png,,,
"POLYGON((15.3835102822632 35.2434209562508,15.3835102268495 35.3942608483436,37.5067024594173 35.394269017386,37.5067025145981 35.2434290153957,15.3835102822632 35.2434209562508))",longitudinal-continua__0.15__0_20,longitudinal-continua,,0.150000000000000,,0.000000000000000,M2.1,M2.1,M2.6,"0",3.300000000000000,44.299999999999997,"0",catalog/M2_1.png,,,
"POLYGON((15.3835098992568 36.24902023687,15.3835098594427 36.3495801649319,37.5067020915449 36.3495890299913,37.5067021313589 36.2490290286644,15.3835098992568 36.24902023687))",longitudinal-continua__0.1__0_21,longitudinal-continua,,0.100000000000000,,0.000000000000000,M2.2,M2.2,M2.2,"0",2.200000000000000,44.200000000000003,"0",catalog/M2_2.png,,,
"POLYGON((15.3835094829556 37.2546195174892,15.3835093511734 37.556299301675,37.5067015842069 37.5563090459138,37.5067017155234 37.2546290419332,15.3835094829556 37.2546195174892))",longitudinal-continua__0.4__0_22,longitudinal-continua,,0.400000000000000,,0.000000000000000,M2.4a,M2.4a,M2.4,"0",6.600000000000000,44.600000000000001,"0",catalog/M2_4a.png,,,
"POLYGON((38.5123044101056 27.1986290091517,38.9145444312599 27.1986290491144,38.9145445001777 26.3941490012007,38.5123044787906 26.3941489718947,38.5123044101056 27.1986290091517))",transversal-discontinua__0.4_0.8_0.4_23,transversal-discontinua,,0.400000000000000,0.800000000000000,0.400000000000000,M4.2,M4.2,M4.2,"1",0.320000000000000,2.400000000000000,"1",catalog/M4_2.png,,,
"POLYGON((38.5123045425862 25.1874289160093,38.5123045055661 25.9919089532663,38.9145445267204 25.9919089772439,38.9145445642062 25.1874289293302,38.5123045425862 25.1874289160093))",transversal-discontinua__0.4_0.8_0.4_24,transversal-discontinua,,0.400000000000000,0.800000000000000,0.400000000000000,M4.2,M4.2,M4.2,"0",0.320000000000000,2.400000000000000,"0",catalog/M4_2.png,,,
"POLYGON((16.2829476420302 23.4779093521541,15.3835122890305 23.4779093730046,16.3891115933657 23.9807090066538,17.2885469766334 23.9807090006965,16.2829476420302 23.4779093521541))",cebreado_derecho__0.4_1_25,cebreado,derecho,,0.400000000000000,1.000000000000000,M7.2a,M7.2a,M7.2a,"1",0.447214000000000,4.025000000000001,"1",catalog/M7_2a.png,,,
"POLYGON((19.4309715877753 23.4779092791773,18.5315361411776 23.4779093000278,19.5371355505195 23.9807089858033,20.4365710269194 23.980708979846,19.4309715877753 23.4779092791773))",cebreado_derecho__0.4_1_26,cebreado,derecho,,0.400000000000000,1.000000000000000,M7.2a,M7.2a,M7.2a,"0",0.447214000000000,4.025000000000001,"0",catalog/M7_2a.png,,,
"POLYGON((19.9087059202138 38.7127406398649,19.9087057739962 39.0144204690087,22.9255043973681 38.6373221187382,19.9087061332539 38.2602208961493,19.9087059919257 38.5619007252931,15.383508892497 38.5618985822942,15.3835088198539 38.7127384743871,19.9087059202138 38.7127406398649))",flecha_frente__7.5__27,flecha,frente,,7.500000000000000,,M5.1a,M5.1a,M5.11,"1",1.800000000000000,15.797000000000001,"1",catalog/M5_1a.png,Point (15.38350886 38.63731853),Point (22.9255044 38.63732212),"Autopistas, autovias,
carreteras multicarril y
carreteras convencionales"
"POLYGON((21.6182245786767 39.5675010219636,22.9255039403215 39.5675016843452,20.8640251243487 39.2658208011854,18.9031060847919 39.567499646248,20.1098253855016 39.5675002576771,19.5064654175658 40.1708596022576,15.3835080873687 40.1708574312848,15.3835080072749 40.3216973233777,19.3556254259311 40.3216994346562,20.8640245813876 40.3217002364076,21.0148645807058 40.170860396516,21.6182245786767 39.5675010219636))",flecha_derecha__7.5__28,flecha,derecha,,7.500000000000000,,M5.1b,M5.1b,M5.12,"1",2.328750000000000,18.154000000000000,"1",catalog/M5_1b.png,Point (15.38350805 40.24627738),Point (19.50646538 40.24627955),"Autopistas, autovias,
carreteras multicarril y
carreteras convencionales"
"POLYGON((19.9087037898134 42.6345784187338,22.9255024581216 42.2574804281275,19.9087042387109 41.8803788458744,19.9087040617596 42.1820586750181,17.9402617486194 42.1820575081437,17.5958254595753 42.182057303965,18.1991854293738 41.5786980373118,19.5064646436367 41.5786987862792,17.4449860800523 41.2770178005487,15.4840672414284 41.5786964817645,16.690786406165 41.5786971731188,16.087426465936 42.1820564098,15.3835069613997 42.182055992523,15.3835068717599 42.3328958846159,19.9087039721198 42.33289858959,19.9079636193928 42.3536787698355,19.9087037898134 42.6345784187338))",flecha_frente-derecha__7.5__29,flecha,frente-derecha,,7.500000000000000,,M5.1d,M5.1d,M5.13,"1",3.300000000000000,22.539000000000001,"1",catalog/M5_1d.png,Point (15.38350692 42.25747594),Point (22.92550246 42.25748043),"Autopistas, autovias,
carreteras multicarril y
carreteras convencionales"
"POLYGON((15.3835059977137 43.7407348774826,18.4003039898816 43.740736820668,18.4003037936054 44.0424166348257,20.4115028649103 43.6653181575903,18.4003042776603 43.2882170994314,18.4003040862735 43.5898969135891,15.3835060943384 43.5898949853897,15.3835059977137 43.7407348774826))",flecha_frente__5__30,flecha,frente,,5.000000000000000,,M5.2a,M5.2a,M5.21,"1",1.200000000000000,10.820000000000000,"1",catalog/M5_2a.png,Point (15.38350605 43.66531493),Point (20.41150286 43.66531816),Travesias y vias urbanas
"POLYGON((19.6070227075834 44.5954971053574,20.4115022541955 44.5954976461857,19.1042232026812 44.2938169461884,17.8975037408527 44.5954959560971,18.6014233038295 44.5954964293219,17.9980632655788 45.1988556440235,15.3835050233174 45.1988538343801,15.3835049187765 45.349693726473,17.8472232560162 45.3496954439524,18.85282263509 45.3496961449645,19.0036626495421 45.1988563400403,19.6070227075834 44.5954971053574))",flecha_derecha__5__31,flecha,derecha,,5.000000000000000,,M5.2b,M5.2b,M5.22,"1",1.503750000000000,12.180000000000000,"1",catalog/M5_2b.png,Point (15.38350497 45.27427378),Point (17.99806321 45.27427559),Travesias y vias urbanas
"POLYGON((18.4003014415503 47.3608945905603,18.4003012103494 47.662574404718,20.4115003265906 47.2854761672588,18.4003017835785 46.9083748693238,18.4003015563358 47.2100546834815,16.7410626241472 47.2100534251565,17.3444226766005 46.6066942753943,18.1489021640737 46.6066948695062,16.8416232294403 46.3050141054022,15.6349038376939 46.6066930129066,16.3388233480509 46.6066935327544,15.7354633153882 47.2100526625354,15.3835035653319 47.210052395618,15.3835034503136 47.3608922877108,18.4003014415503 47.3608945905603))",flecha_frente-derecha__5__32,flecha,frente-derecha,,5.000000000000000,,M5.2d,M5.2d,M5.23,"1",2.175000000000000,15.587999999999999,"1",catalog/M5_2d.png,Point (15.38350351 47.28547234),Point (20.41150033 47.28547617),Travesias y vias urbanas
"POLYGON((19.0036593489349 49.5229337622201,19.0036603319459 48.3162144816119,15.3835022205021 48.91957117267,19.0036593489349 49.5229337622201),(18.4003004948609 48.569694495921,18.4002999246586 49.269452764829,16.3010254777037 48.9195719201518,18.4003004948609 48.569694495921))",senal_ceda_1.2_3.6__33,senal,ceda,1.200000000000000,3.600000000000000,,M6.5,M6.5,M6.5,"1",1.433664000000000,13.428000000000001,"1",catalog/M6_5.png,Point (15.38350222 48.91957117),Point (19.00365984 48.91957412),"Carreteras multicarril,
carreteras convencionales,
travesias y vias urbanas"
"POLYGON((15.3835122969467 24.0812689413762,15.3835122969467 24.1818288694381,20.4365710273851 24.1818288694381,20.4365710269194 24.0812689246421,15.3835122969467 24.0812689413762))",aux_____38,aux,,,,,,,,"0",0.502492000000000,10.250000000000000,"0",,,,
"POLYGON((39.5179046059493 25.1874289493116,39.5179043563548 28.2042291889319,39.9201443910133 28.2042292422156,39.9201446406078 25.1874289626325,39.5179046059493 25.1874289493116))",transversal-continua__0.4__0_39,transversal-continua,,0.400000000000000,,0.000000000000000,M4.1,M4.1,M4.1,"0",1.200000000000000,6.800000000000000,"0",catalog/M4_1.png,,,
"POLYGON((35.4955045697279 24.1818288694381,36.023366471054 24.1818288694381,55.6075101634488 24.1818288694381,55.6075101632159 24.0812688081671,54.8137516730931 24.0812688107958,53.9143151782919 24.0812688137745,53.014878710499 24.0812688167531,52.1154422694817 24.0812688197317,51.2160058550071 24.0812688227104,50.3165694668423 24.081268825689,49.4171331059188 24.0812688286677,48.5176967710722 24.0812688316463,47.618260463234 24.081268834625,46.7188241819385 24.0812688376036,45.8193879271857 24.0812688405823,44.9199516992085 24.0812688435609,44.0205154975411 24.0812688465396,43.1210793231148 24.0812688495182,42.2216431747656 24.0812688524969,41.2644878313877 24.0812688556667,36.023366471054 24.0812688730236,35.4955045694951 24.0812688747717,35.4955045697279 24.1818288694381))",aux_____40,aux,,,,,,,,"0",2.000000000000000,40.200000000000003,"0",,,,
"POLYGON((55.3019632950891 20.5888545671639,55.2845012117177 20.4898222423005,35.4780425096396 23.9822366124963,35.4955045694951 24.0812688747717,41.176843984751 23.0794953332566,42.1194579782896 22.9132870158445,43.0052296605427 22.7571015290748,43.891001367243 22.6009160331929,44.7767730995547 22.4447305281991,45.6625448565464 22.2885450140931,46.5483166382182 22.1323594908752,47.4340884455014 21.9761739585452,48.3198602774646 21.8199884171031,49.2056321345735 21.663802866549,50.0914040168282 21.5076173068829,50.9771759244613 21.3514317381047,51.8629478563089 21.1952461602145,52.7487198140007 21.0390605732122,53.6344917959068 20.8828749770979,54.5202638029587 20.7266893718715,55.3019632950891 20.5888545671639))",aux_____41,aux,,,,,,,,"0",2.000000000000000,40.200000000000003,"0",,,,
"POLYGON((41.2644878313877 24.0812688556667,41.2199882112909 23.580441384942,41.176843984751 23.0794953332566,35.4955045694951 24.0812688747717,36.023366471054 24.0812688730236,41.2644878313877 24.0812688556667))",aux_____42,aux,,,,,,,,"0",2.857175000000000,12.474000000000000,"0",,,,
"POLYGON((54.5202638029587 20.7266893718715,53.6344917959068 20.8828749770979,51.1713898070157 22.7098062167435,53.9143151782919 24.0812688137745,54.8137516730931 24.0812688107958,51.9368823715486 22.6428342570917,54.5202638029587 20.7266893718715))",cebreado-divergente_10deg__0.4_1_43,cebreado-divergente,10deg,,0.400000000000000,1.000000000000000,M7.2b,M7.2b,M7.2b,"1",2.499251000000000,14.285000000000000,"1",catalog/M7_2b.png,,,
"POLYGON((53.6344917959068 20.8828749770978,52.7487198140007 21.0390605732122,50.4058972615749 22.7767781730188,53.014878710499 24.0812688167531,53.9143151782919 24.0812688137745,51.1713898070157 22.7098062167435,53.6344917959068 20.8828749770978))",cebreado-divergente_10deg__0.4_1_44,cebreado-divergente,10deg,,0.400000000000000,1.000000000000000,M7.2b,M7.2b,M7.2b,"1",2.380116000000000,13.689000000000000,"1",catalog/M7_2b.png,,,
"POLYGON((52.7487198140007 21.0390605732122,51.8629478563089 21.1952461602145,49.6404047349934 22.8437501259173,52.1154422694817 24.0812688197317,53.014878710499 24.0812688167531,50.4058972615749 22.7767781730188,52.7487198140007 21.0390605732122))",cebreado-divergente_10deg__0.4_1_45,cebreado-divergente,10deg,,0.400000000000000,1.000000000000000,M7.2b,M7.2b,M7.2b,"1",2.260980000000000,13.093999999999999,"1",catalog/M7_2b.png,,,
"POLYGON((51.8629478563089 21.1952461602145,50.9771759244613 21.3514317381047,48.8749122282024 22.9107220754392,51.2160058550071 24.0812688227104,52.1154422694817 24.0812688197317,49.6404047349934 22.8437501259173,51.8629478563089 21.1952461602145))",cebreado-divergente_10deg__0.4_1_46,cebreado-divergente,10deg,,0.400000000000000,1.000000000000000,M7.2b,M7.2b,M7.2b,"1",2.141844000000000,12.497999999999999,"1",catalog/M7_2b.png,,,
"POLYGON((50.9771759244613 21.3514317381047,50.0914040168282 21.5076173068829,48.109419740038 22.9776940215844,50.3165694668423 24.081268825689,51.2160058550071 24.0812688227104,48.8749122282024 22.9107220754392,50.9771759244613 21.3514317381047))",cebreado-divergente_10deg__0.4_1_47,cebreado-divergente,10deg,,0.400000000000000,1.000000000000000,M7.2b,M7.2b,M7.2b,"1",2.022708000000000,11.901999999999999,"1",catalog/M7_2b.png,,,
"POLYGON((50.0914040168282 21.5076173068829,49.2056321345735 21.663802866549,47.343927271897 23.044665964353,49.4171331059188 24.0812688286677,50.3165694668423 24.081268825689,48.109419740038 22.9776940215844,50.0914040168282 21.5076173068829))",cebreado-divergente_10deg__0.4_1_48,cebreado-divergente,10deg,,0.400000000000000,1.000000000000000,M7.2b,M7.2b,M7.2b,"1",1.903572000000000,11.307000000000000,"1",catalog/M7_2b.png,,,
"POLYGON((49.2056321345735 21.663802866549,48.3198602774646 21.8199884171031,46.5784348219167 23.111637903745,48.5176967710722 24.0812688316463,49.4171331059188 24.0812688286677,47.343927271897 23.044665964353,49.2056321345735 21.663802866549))",cebreado-divergente_10deg__0.4_1_49,cebreado-divergente,10deg,,0.400000000000000,1.000000000000000,M7.2b,M7.2b,M7.2b,"1",1.784437000000000,10.711000000000000,"1",catalog/M7_2b.png,,,
"POLYGON((48.3198602774646 21.8199884171031,47.4340884455014 21.9761739585452,45.8129423914943 23.1786098397602,47.618260463234 24.081268834625,48.5176967710722 24.0812688316463,46.5784348219167 23.111637903745,48.3198602774646 21.8199884171031))",cebreado-divergente_10deg__0.4_1_50,cebreado-divergente,10deg,,0.400000000000000,1.000000000000000,M7.2b,M7.2b,M7.2b,"1",1.665301000000000,10.115000000000000,"1",catalog/M7_2b.png,,,
"POLYGON((47.4340884455014 21.9761739585452,46.5483166382182 22.1323594908752,45.0474499801639 23.2455817723988,46.7188241819385 24.0812688376036,47.618260463234 24.081268834625,45.8129423914943 23.1786098397602,47.4340884455014 21.9761739585452))",cebreado-divergente_10deg__0.4_1_51,cebreado-divergente,10deg,,0.400000000000000,1.000000000000000,M7.2b,M7.2b,M7.2b,"1",1.546165000000000,9.520000000000000,"1",catalog/M7_2b.png,,,
"POLYGON((46.5483166382182 22.1323594908752,45.6625448565464 22.2885450140931,44.2819575876929 23.3125537016608,45.8193879271857 24.0812688405823,46.7188241819385 24.0812688376036,45.0474499801639 23.2455817723988,46.5483166382182 22.1323594908752))",cebreado-divergente_10deg__0.4_1_52,cebreado-divergente,10deg,,0.400000000000000,1.000000000000000,M7.2b,M7.2b,M7.2b,"1",1.427029000000000,8.923999999999999,"1",catalog/M7_2b.png,,,
"POLYGON((45.6625448565464 22.2885450140931,44.7767730995547 22.4447305281991,43.5164652147796 23.3795256275461,44.9199516992085 24.0812688435609,45.8193879271857 24.0812688405823,44.2819575876929 23.3125537016608,45.6625448565464 22.2885450140931))",cebreado-divergente_10deg__0.4_1_53,cebreado-divergente,10deg,,0.400000000000000,1.000000000000000,M7.2b,M7.2b,M7.2b,"1",1.307893000000000,8.327999999999999,"1",catalog/M7_2b.png,,,
"POLYGON((44.7767730995547 22.4447305281991,43.891001367243 22.6009160331929,42.7509728607256 23.4464975500547,44.0205154975411 24.0812688465396,44.9199516992085 24.0812688435609,43.5164652147796 23.3795256275461,44.7767730995547 22.4447305281991))",cebreado-divergente_10deg__0.4_1_54,cebreado-divergente,10deg,,0.400000000000000,1.000000000000000,M7.2b,M7.2b,M7.2b,"1",1.188758000000000,7.733000000000000,"1",catalog/M7_2b.png,,,
"POLYGON((43.891001367243 22.6009160331929,43.0052296605427 22.7571015290748,41.985480526695 23.5134694691867,43.1210793231148 24.0812688495182,44.0205154975411 24.0812688465396,42.7509728607256 23.4464975500547,43.891001367243 22.6009160331929))",cebreado-divergente_10deg__0.4_1_55,cebreado-divergente,10deg,,0.400000000000000,1.000000000000000,M7.2b,M7.2b,M7.2b,"1",1.069622000000000,7.137000000000000,"1",catalog/M7_2b.png,,,
"POLYGON((43.0052296605427 22.7571015290748,42.1194579782896 22.9132870158445,41.2199882112909 23.580441384942,42.2216431747656 24.0812688524969,43.1210793231148 24.0812688495182,41.985480526695 23.5134694691867,43.0052296605427 22.7571015290748))",cebreado-divergente_10deg__0.4_1_56,cebreado-divergente,10deg,,0.400000000000000,1.000000000000000,M7.2b,M7.2b,M7.2b,"1",0.950486000000000,6.541000000000000,"1",catalog/M7_2b.png,,,
"POLYGON((35.4955043036025 20.1594290827807,55.6075098968577 20.1594264185978,55.6075098835863 20.0588663573268,55.487805417506 20.0588663735802,54.076949846698 20.0588665651447,52.6660943413153 20.0588667567093,51.2552389015909 20.0588669482738,49.8443835275248 20.0588671398383,48.4335282186512 20.0588673314028,47.0226729756687 20.0588675229673,45.6118177983444 20.0588677145318,44.2009626866784 20.0588679060962,42.7901076399721 20.0588680976607,41.3792526589241 20.0588682892251,39.9683977442328 20.0588684807895,38.3910140732769 20.058868694965,35.4955042896327 20.0588690881143,35.4955043036025 20.1594290827807))",aux_____57,aux,,,,,,,,"0",2.000000000000000,40.200000000000003,"0",,,,
"POLYGON((54.3946054449771 13.1801534830261,54.3602118457202 13.0856579518467,35.461110732751 19.964373607957,35.4955042896327 20.0588690881143,38.2163933082484 19.0685460060327,39.6986489973497 18.5290487580307,41.0244188432116 18.0465077053252,42.3501887386665 17.5639666104835,43.6759586848784 17.0814254735055,45.001728681149 16.5988842943913,46.3274987272453 16.1163430731409,47.6532688240986 15.6338018097542,48.9790389710106 15.1512605042312,50.304809168214 14.668719156572,51.6305794154759 14.1861777667765,52.9563497130293 13.7036363348448,54.2821200604085 13.2210948607768,54.3946054449771 13.1801534830261))",aux_____58,aux,,,,,,,,"0",2.000000000000000,40.200000000000003,"0",,,,
"POLYGON((38.2163933082484 19.0685460060327,35.4955042896327 20.0588690881143,38.3910140732769 20.058868694965,38.3037036946043 19.5637073490751,38.2163933082484 19.0685460060327))",aux_____59,aux,,,,,,,,"0",1.417820000000000,6.759000000000000,"0",,,,
"POLYGON((41.0244188432116 18.0465077053252,39.6986489973497 18.5290487580307,38.3037036946043 19.5637073490751,39.9683977442328 20.0588684807895,41.3792526589241 20.0588682892251,39.1894752481021 19.4075217842227,41.0244188432116 18.0465077053252))",cebreado-divergente_20deg__0.4_1_60,cebreado-divergente,20deg,,0.400000000000000,1.000000000000000,M7.2b,M7.2b,M7.2b,"1",1.599591000000000,10.804000000000000,"1",catalog/M7_2b.png,,,
"POLYGON((39.1894752481021 19.4075217842227,41.3792526589241 20.0588682892251,42.7901076399721 20.0588680976607,40.0752468262799 19.2513362102583,42.3501887386665 17.5639666104835,42.3501887386665 17.5639666104835,41.0244188432116 18.0465077053252,39.1894752481021 19.4075217842227))",cebreado-divergente_20deg__0.4_1_61,cebreado-divergente,20deg,,0.400000000000000,1.000000000000000,M7.2b,M7.2b,M7.2b,"1",2.035406000000000,12.983000000000001,"1",catalog/M7_2b.png,,,
"POLYGON((43.6759586848784 17.0814254735055,42.3501887386665 17.5639666104835,40.0752468262799 19.2513362102583,42.7901076399721 20.0588680976607,44.2009626866784 20.0588679060962,40.9610184303019 19.0951506271818,43.6759586848784 17.0814254735055))",cebreado-divergente_20deg__0.4_1_62,cebreado-divergente,20deg,,0.400000000000000,1.000000000000000,M7.2b,M7.2b,M7.2b,"1",2.471221000000000,15.162000000000001,"1",catalog/M7_2b.png,,,
"POLYGON((45.001728681149 16.5988842943913,43.6759586848784 17.0814254735055,40.9610184303019 19.0951506271818,44.2009626866784 20.0588679060962,45.6118177983444 20.0588677145318,41.8467900583055 18.9389650349932,45.001728681149 16.5988842943913))",cebreado-divergente_20deg__0.4_1_63,cebreado-divergente,20deg,,0.400000000000000,1.000000000000000,M7.2b,M7.2b,M7.2b,"1",2.907036000000000,17.341000000000001,"1",catalog/M7_2b.png,,,
"POLYGON((46.3274987272453 16.1163430731409,45.001728681149 16.5988842943913,41.8467900583055 18.9389650349932,45.6118177983444 20.0588677145318,47.0226729756687 20.0588675229673,42.7325617114548 18.7827794336927,46.3274987272453 16.1163430731409))",cebreado-divergente_20deg__0.4_1_64,cebreado-divergente,20deg,,0.400000000000000,1.000000000000000,M7.2b,M7.2b,M7.2b,"1",3.342851000000000,19.520000000000000,"1",catalog/M7_2b.png,,,
"POLYGON((47.6532688240986 15.6338018097542,46.3274987272453 16.1163430731409,42.7325617114548 18.7827794336927,47.0226729756687 20.0588675229673,48.4335282186512 20.0588673314028,43.6183333902154 18.62659382328,47.6532688240986 15.6338018097542))",cebreado-divergente_20deg__0.4_1_65,cebreado-divergente,20deg,,0.400000000000000,1.000000000000000,M7.2b,M7.2b,M7.2b,"1",3.778666000000000,21.699000000000002,"1",catalog/M7_2b.png,,,
"POLYGON((48.9790389710106 15.1512605042312,47.6532688240986 15.6338018097542,43.6183333902154 18.62659382328,48.4335282186512 20.0588673314028,49.8443835275248 20.0588671398383,44.5041050936561 18.4704082037553,48.9790389710106 15.1512605042312))",cebreado-divergente_20deg__0.4_1_66,cebreado-divergente,20deg,,0.400000000000000,1.000000000000000,M7.2b,M7.2b,M7.2b,"1",4.214481000000000,23.878000000000000,"1",catalog/M7_2b.png,,,
"POLYGON((50.304809168214 14.668719156572,48.9790389710106 15.1512605042312,44.5041050936561 18.4704082037553,49.8443835275248 20.0588671398383,51.2552389015909 20.0588669482738,45.3898768224753 18.3142225751186,50.304809168214 14.668719156572))",cebreado-divergente_20deg__0.4_1_67,cebreado-divergente,20deg,,0.400000000000000,1.000000000000000,M7.2b,M7.2b,M7.2b,"1",4.650296000000000,26.056999999999999,"1",catalog/M7_2b.png,,,
"POLYGON((51.6305794154759 14.1861777667765,50.304809168214 14.668719156572,45.3898768224753 18.3142225751186,51.2552389015909 20.0588669482738,52.6660943413153 20.0588667567093,46.2756485759746 18.1580369373698,51.6305794154759 14.1861777667765))",cebreado-divergente_20deg__0.4_1_68,cebreado-divergente,20deg,,0.400000000000000,1.000000000000000,M7.2b,M7.2b,M7.2b,"1",5.086111000000000,28.236999999999998,"1",catalog/M7_2b.png,,,
"POLYGON((52.9563497130293 13.7036363348448,51.6305794154759 14.1861777667765,46.2756485759746 18.1580369373698,52.6660943413153 20.0588667567093,54.076949846698 20.0588665651447,47.1614203548525 18.001851290509,52.9563497130293 13.7036363348448))",cebreado-divergente_20deg__0.4_1_69,cebreado-divergente,20deg,,0.400000000000000,1.000000000000000,M7.2b,M7.2b,M7.2b,"1",5.521927000000000,30.416000000000000,"1",catalog/M7_2b.png,,,
"POLYGON((54.2821200604085 13.2210948607768,52.9563497130293 13.7036363348448,47.1614203548525 18.001851290509,54.076949846698 20.0588665651447,55.487805417506 20.0588663735802,48.047192158876 17.8456656345361,54.2821200604085 13.2210948607768))",cebreado-divergente_20deg__0.4_1_70,cebreado-divergente,20deg,,0.400000000000000,1.000000000000000,M7.2b,M7.2b,M7.2b,"1",5.957742000000000,32.594999999999999,"1",catalog/M7_2b.png,,,
"POLYGON((35.495502211852 12.2151895041327,55.6075078051072 12.2151815781887,55.607507765526 12.1146215169177,55.3686621200759 12.1146216118354,54.4692256094422 12.1146219692732,53.5697891253512 12.114622326711,52.6703526673373 12.1146226841488,51.7709162363317 12.1146230415866,50.8714798323344 12.1146233990243,49.9720434544142 12.1146237564621,49.0726071032695 12.1146241138998,48.1731707786676 12.1146244713375,47.2737344813067 12.1146248287752,46.374298210023 12.1146251862128,45.4748619655147 12.1146255436505,44.5754257480148 12.1146259010881,43.675989556592 12.1146262585257,42.7765533919446 12.1146266159633,41.8771172540728 12.1146269734009,40.9776811429765 12.1146273308385,40.0782450584229 12.114627688276,39.178809000412 12.1146280457135,38.2793729689438 12.114628403151,37.4381721529644 12.1146287374458,35.4955021718051 12.1146295094663,35.495502211852 12.2151895041327))",aux_____71,aux,,,,,,,,"0",2.000000000000000,40.200000000000003,"0",,,,
"POLYGON((52.9130035031121 2.058617352951,52.862723413622 1.97152982978879,35.4452221398242 12.0275420196065,35.4955021718051 12.1146295094663,37.1779033180792 11.1432938276617,37.9064044028055 10.7226931062448,38.685338641284 10.272974745964,39.4642728934996 9.82325636261072,40.243207158288 9.37353795618491,41.0221414368134 8.92381952668659,41.8010757281445 8.47410107411577,42.5800100336783 8.02438259847244,43.3589443515521 7.5746640997566,44.1378786836285 7.12494557796825,44.9168130287435 6.6752270331074,45.695747386897 6.22550846517402,46.4746817585547 5.77578987416815,47.2536161434837 5.32607126008974,48.0325505419169 4.87635262293883,48.8114849531557 4.4266339627154,49.5904193785973 3.97691527941943,50.3693538163789 3.52719657305097,51.1482882683631 3.07747784360998,51.927222733153 2.62775909109646,52.7061572114471 2.17804031551043,52.9130035031121 2.058617352951))",aux_____72,aux,,,,,,,,"0",2.000000000000000,40.200000000000003,"0",,,,
"POLYGON((37.4381721529644 12.1146287374458,37.3080377390143 11.6289612804723,37.1779033180792 11.1432938276617,35.4955021718051 12.1146295094663,37.4381721529644 12.1146287374458))",aux_____73,aux,,,,,,,,"0",0.933013000000000,4.864000000000000,"0",,,,
"POLYGON((38.685338641284 10.272974745964,37.9064044028055 10.7226931062448,37.3080377390143 11.6289612804723,38.2793729689438 12.114628403151,39.178809000412 12.1146280457135,37.8936467261519 11.4720475641678,38.685338641284 10.272974745964))",cebreado-divergente_30deg__0.4_1_74,cebreado-divergente,30deg,,0.400000000000000,1.000000000000000,M7.2b,M7.2b,M7.2b,"1",1.003516000000000,6.806000000000000,"1",catalog/M7_2b.png,,,
"POLYGON((39.4642728934996 9.82325636261072,38.685338641284 10.272974745964,37.8936467261519 11.4720475641678,39.178809000412 12.1146280457135,40.0782450584229 12.114627688276,38.4792557239998 11.3151338418109,39.4642728934996 9.82325636261072))",cebreado-divergente_30deg__0.4_1_75,cebreado-divergente,30deg,,0.400000000000000,1.000000000000000,M7.2b,M7.2b,M7.2b,"1",1.282649000000000,8.202000000000000,"1",catalog/M7_2b.png,,,
"POLYGON((40.243207158288 9.37353795618491,39.4642728934996 9.82325636261072,38.4792557239998 11.3151338418109,40.0782450584229 12.114627688276,40.9776811429765 12.1146273308385,39.0648647323251 11.1582201134017,40.243207158288 9.37353795618491))",cebreado-divergente_30deg__0.4_1_76,cebreado-divergente,30deg,,0.400000000000000,1.000000000000000,M7.2b,M7.2b,M7.2b,"1",1.561781000000000,9.598000000000001,"1",catalog/M7_2b.png,,,
"POLYGON((41.0221414368134 8.92381952668659,40.243207158288 9.37353795618491,39.0648647323251 11.1582201134017,40.9776811429765 12.1146273308385,41.8771172540728 12.1146269734009,39.6504737504292 11.0013063789402,41.0221414368134 8.92381952668659))",cebreado-divergente_30deg__0.4_1_77,cebreado-divergente,30deg,,0.400000000000000,1.000000000000000,M7.2b,M7.2b,M7.2b,"1",1.840913000000000,10.993000000000000,"1",catalog/M7_2b.png,,,
"POLYGON((41.8010757281445 8.47410107411577,41.0221414368134 8.92381952668659,39.6504737504292 11.0013063789402,41.8771172540728 12.1146269734009,42.7765533919446 12.1146266159633,40.2360827799421 10.8443926384263,41.8010757281445 8.47410107411577))",cebreado-divergente_30deg__0.4_1_78,cebreado-divergente,30deg,,0.400000000000000,1.000000000000000,M7.2b,M7.2b,M7.2b,"1",2.120045000000000,12.388999999999999,"1",catalog/M7_2b.png,,,
"POLYGON((42.5800100336783 8.02438259847244,41.8010757281445 8.47410107411577,40.2360827799421 10.8443926384263,42.7765533919446 12.1146266159633,43.675989556592 12.1146262585257,40.8216918196995 10.6874788918601,42.5800100336783 8.02438259847244))",cebreado-divergente_30deg__0.4_1_79,cebreado-divergente,30deg,,0.400000000000000,1.000000000000000,M7.2b,M7.2b,M7.2b,"1",2.399177000000000,13.785000000000000,"1",catalog/M7_2b.png,,,
"POLYGON((43.3589443515521 7.5746640997566,42.5800100336783 8.02438259847244,40.8216918196995 10.6874788918601,43.675989556592 12.1146262585257,44.5754257480148 12.1146259010881,41.4073008697014 10.5305651392417,43.3589443515521 7.5746640997566))",cebreado-divergente_30deg__0.4_1_80,cebreado-divergente,30deg,,0.400000000000000,1.000000000000000,M7.2b,M7.2b,M7.2b,"1",2.678310000000000,15.180000000000000,"1",catalog/M7_2b.png,,,
"POLYGON((44.1378786836285 7.12494557796825,43.3589443515521 7.5746640997566,41.4073008697014 10.5305651392417,44.5754257480148 12.1146259010881,45.4748619655147 12.1146255436505,41.9929099304136 10.3736513805709,44.1378786836285 7.12494557796825))",cebreado-divergente_30deg__0.4_1_81,cebreado-divergente,30deg,,0.400000000000000,1.000000000000000,M7.2b,M7.2b,M7.2b,"1",2.957442000000000,16.576000000000001,"1",catalog/M7_2b.png,,,
"POLYGON((44.9168130287435 6.6752270331074,44.1378786836285 7.12494557796825,41.9929099304136 10.3736513805709,45.4748619655147 12.1146255436505,46.374298210023 12.1146251862128,42.5785190013703 10.2167376158477,44.9168130287435 6.6752270331074))",cebreado-divergente_30deg__0.4_1_82,cebreado-divergente,30deg,,0.400000000000000,1.000000000000000,M7.2b,M7.2b,M7.2b,"1",3.236574000000000,17.972000000000001,"1",catalog/M7_2b.png,,,
"POLYGON((45.695747386897 6.22550846517402,44.9168130287435 6.67522703310739,42.5785190013703 10.2167376158477,46.374298210023 12.1146251862128,47.2737344813067 12.1146248287752,43.1641280830372 10.0598238450723,45.695747386897 6.22550846517402))",cebreado-divergente_30deg__0.4_1_83,cebreado-divergente,30deg,,0.400000000000000,1.000000000000000,M7.2b,M7.2b,M7.2b,"1",3.515706000000000,19.367000000000001,"1",catalog/M7_2b.png,,,
"POLYGON((46.4746817585547 5.77578987416815,45.695747386897 6.22550846517402,43.1641280830372 10.0598238450723,47.2737344813067 12.1146248287752,48.1731707786676 12.1146244713375,43.7497371749487 9.9029100682445,46.4746817585547 5.77578987416815))",cebreado-divergente_30deg__0.4_1_84,cebreado-divergente,30deg,,0.400000000000000,1.000000000000000,M7.2b,M7.2b,M7.2b,"1",3.794839000000000,20.763000000000002,"1",catalog/M7_2b.png,,,
"POLYGON((47.2536161434837 5.32607126008974,46.4746817585547 5.77578987416814,43.7497371749487 9.9029100682445,48.1731707786676 12.1146244713375,49.0726071032695 12.1146241138998,44.3353462778032 9.7459962853644,47.2536161434837 5.32607126008974))",cebreado-divergente_30deg__0.4_1_85,cebreado-divergente,30deg,,0.400000000000000,1.000000000000000,M7.2b,M7.2b,M7.2b,"1",4.073971000000000,22.158999999999999,"1",catalog/M7_2b.png,,,
"POLYGON((48.0325505419169 4.87635262293883,47.2536161434837 5.32607126008974,44.3353462778032 9.7459962853644,49.0726071032695 12.1146241138998,49.9720434544142 12.1146237564621,44.9209553913679 9.58908249643198,48.0325505419169 4.87635262293883))",cebreado-divergente_30deg__0.4_1_86,cebreado-divergente,30deg,,0.400000000000000,1.000000000000000,M7.2b,M7.2b,M7.2b,"1",4.353103000000000,23.553999999999998,"1",catalog/M7_2b.png,,,
"POLYGON((48.8114849531557 4.4266339627154,48.0325505419169 4.87635262293883,44.9209553913679 9.58908249643198,49.9720434544142 12.1146237564621,50.8714798323344 12.1146233990243,45.506564514013 9.43216870144724,48.8114849531557 4.4266339627154))",cebreado-divergente_30deg__0.4_1_87,cebreado-divergente,30deg,,0.400000000000000,1.000000000000000,M7.2b,M7.2b,M7.2b,"1",4.632235000000000,24.949999999999999,"1",catalog/M7_2b.png,,,
"POLYGON((49.5904193785973 3.97691527941943,48.8114849531557 4.42663396271539,45.506564514013 9.43216870144724,50.8714798323344 12.1146233990243,51.7709162363317 12.1146230415866,46.0921736487653 9.27525490041018,49.5904193785973 3.97691527941943))",cebreado-divergente_30deg__0.4_1_88,cebreado-divergente,30deg,,0.400000000000000,1.000000000000000,M7.2b,M7.2b,M7.2b,"1",4.911367000000000,26.346000000000000,"1",catalog/M7_2b.png,,,
"POLYGON((50.3693538163789 3.52719657305097,49.5904193785973 3.97691527941943,46.0921736487653 9.27525490041018,51.7709162363317 12.1146230415866,52.6703526673373 12.1146226841488,46.6777827928308 9.11834109332078,50.3693538163789 3.52719657305097))",cebreado-divergente_30deg__0.4_1_89,cebreado-divergente,30deg,,0.400000000000000,1.000000000000000,M7.2b,M7.2b,M7.2b,"1",5.190500000000000,27.741000000000000,"1",catalog/M7_2b.png,,,
"POLYGON((51.1482882683631 3.07747784360998,50.3693538163789 3.52719657305096,46.6777827928308 9.11834109332078,52.6703526673373 12.1146226841488,53.5697891253512 12.114622326711,47.2633919478394 8.96142728017907,51.1482882683631 3.07747784360998))",cebreado-divergente_30deg__0.4_1_90,cebreado-divergente,30deg,,0.400000000000000,1.000000000000000,M7.2b,M7.2b,M7.2b,"1",5.469632000000000,29.137000000000000,"1",catalog/M7_2b.png,,,
"POLYGON((51.927222733153 2.62775909109646,51.1482882683631 3.07747784360998,47.2633919478394 8.96142728017907,53.5697891253512 12.114622326711,54.4692256094422 12.1146219692732,47.8490011130925 8.80451346098504,51.927222733153 2.62775909109646))",cebreado-divergente_30deg__0.4_1_91,cebreado-divergente,30deg,,0.400000000000000,1.000000000000000,M7.2b,M7.2b,M7.2b,"1",5.748764000000000,30.533000000000001,"1",catalog/M7_2b.png,,,
"POLYGON((52.7061572114471 2.17804031551043,51.927222733153 2.62775909109646,47.8490011130925 8.80451346098504,54.4692256094422 12.1146219692732,55.3686621200759 12.1146216118354,48.4346102895215 8.64759963573868,52.7061572114471 2.17804031551043))",cebreado-divergente_30deg__0.4_1_92,cebreado-divergente,30deg,,0.400000000000000,1.000000000000000,M7.2b,M7.2b,M7.2b,"1",6.027896000000000,31.928000000000001,"1",catalog/M7_2b.png,,,
"POLYGON((56.6131107925903 24.1818288694381,76.725130373612 24.1818288694381,76.7251303733792 24.0812687382323,75.8736520435195 24.0812687410521,74.9742149247322 24.0812687440307,74.0747778334189 24.0812687470094,73.1753407686483 24.081268749988,72.2759037299547 24.0812687529667,71.3764667185023 24.0812687559453,70.477029733127 24.081268758924,69.5775927745271 24.0812687619026,68.6781558429357 24.0812687648813,67.7787189378869 24.0812687678599,66.8792820598464 24.0812687708386,65.9798452074174 24.0812687738172,65.0804083824623 24.0812687767959,64.18097158405 24.0812687797745,63.2815348117147 24.0812687827532,62.3820980663877 24.0812687857318,56.6131107921246 24.0812688048369,56.6131107925903 24.1818288694381))",aux_____93,aux,,,,,,,,"0",2.000000000000000,40.200000000000003,"0",,,,
"POLYGON((76.4195832924452 20.5888520684163,76.4021211974323 20.4898196746805,56.595648720162 23.9822364736892,56.6131107921246 24.0812688048369,62.2944541589823 23.0794945666348,63.1802264302969 22.923308980942,64.0659987267572 22.7671233861372,64.9517710481305 22.6109377822203,65.8375433941837 22.4547521691914,66.7233157658484 22.2985665470504,67.6090881621931 22.1423809157974,68.4948605836835 21.9861952754323,69.3806330303196 21.8300096259551,70.2664055021014 21.6738239673659,71.1521779980976 21.5176382996647,72.0379505201709 21.3614526228513,72.9237230669241 21.205266936926,73.8094956383575 21.0490812418885,74.6952682351694 20.892895537739,75.5810408566613 20.7367098244775,76.4195832924452 20.5888520684163))",aux_____94,aux,,,,,,,,"0",2.000000000000000,40.200000000000003,"0",,,,
"POLYGON((62.3820980663877 24.0812687857318,62.3375984153245 23.5804409667049,62.2944541589823 23.0794945666348,56.6131107921246 24.0812688048369,62.3820980663877 24.0812687857318))",aux_____95,aux,,,,,,,,"0",2.857175000000000,12.474000000000000,"0",,,,
"POLYGON((56.613110526232 20.1594262853886,76.725130107021 20.1594236212027,76.7251300937496 20.0588634899968,73.8996120698284 20.058863873643,73.0001750099473 20.0588639957677,72.1007379766088 20.0588641178924,71.2013009705115 20.0588642400171,70.3018639904913 20.0588643621418,69.4024270370137 20.0588644842665,68.5029901105445 20.0588646063912,67.6035532108508 20.0588647285159,66.7041163372342 20.0588648506405,65.8046794908587 20.0588649727652,64.9052426705603 20.0588650948898,64.0058058772702 20.0588652170145,63.1063691105228 20.0588653391391,62.2069323707838 20.0588654612638,61.3074956571218 20.0588655833884,60.4080589700025 20.058865705513,59.5086223098915 20.0588658276377,56.6131105129607 20.0588662207874,56.613110526232 20.1594262853886))",aux_____96,aux,,,,,,,,"0",2.000000000000000,40.200000000000003,"0",,,,
"POLYGON((75.5122248113621 13.1801458318692,75.4778311878908 13.0856502349725,56.5787169323303 19.9643706749129,56.6131105129607 20.0588662207874,59.3340014237911 19.0685424499819,60.1791953572538 18.7609168499969,61.0243893107399 18.4532912328867,61.8695832851809 18.1456655986516,62.714777279878 17.8380399472913,63.5599712950643 17.530414278806,64.405165330274 17.2227885931957,65.2503593866713 16.9151628904602,66.0955534626264 16.6075371705997,66.9407475593034 16.2999114336142,67.7859416764695 15.9922856795036,68.6311358145904 15.6846599082679,69.476329972269 15.3770341199071,70.3215241504367 15.0694083144213,71.1667183490936 14.7617824918104,72.0119125682395 14.4541566520744,72.8571068083402 14.1465307952134,75.5122248113621 13.1801458318692))",aux_____97,aux,,,,,,,,"0",2.000000000000000,40.200000000000003,"0",,,,
"POLYGON((59.3340014237911 19.0685424499819,56.6131105129607 20.0588662207874,59.5086223098915 20.0588658276377,59.4213118709158 19.563704137386,59.3340014237911 19.0685424499819))",aux_____98,aux,,,,,,,,"0",1.417820000000000,6.759000000000000,"0",,,,
"POLYGON((56.6131084349472 12.2151811818913,76.7251280152705 12.2151732559382,76.7251279756892 12.1146131247324,67.5501472454052 12.1146167708889,66.6507103736512 12.1146171283269,65.7512735284399 12.1146174857649,64.8518367104698 12.114617843203,63.9523999185767 12.114618200641,63.0529631532263 12.114618558079,62.1535264144186 12.1146189155169,61.2540897028521 12.1146192729549,60.3546530178282 12.1146196303928,59.4552163591143 12.1146199878307,58.5557797271758 12.1146203452686,56.6131083949003 12.11462111729,56.6131084349472 12.2151811818913))",aux_____99,aux,,,,,,,,"0",2.000000000000000,40.200000000000003,"0",,,,
"POLYGON((74.0306218394544 2.05860196728012,73.9803417143412 1.97151438355256,56.5628283282276 12.0275335668649,56.6131083949003 12.11462111729,58.2955107109156 11.1432847599663,59.074445478851 10.6935661085057,59.8533802595921 10.2438474339727,60.6323150538374 9.79412873636708,61.4112498622853 9.34441001568895,62.1901846828405 8.8946912719383,62.9691195171326 8.44497250511512,63.748054364929 7.99525371521941,64.526989225531 7.54553490225116,65.3059241003357 7.09581606621037,66.0848589872476 6.64609720709705,74.0306218394544 2.05860196728012))",aux_____100,aux,,,,,,,,"0",2.000000000000000,40.200000000000003,"0",,,,
"POLYGON((64.6958270433825 23.3741226405923,63.1802264302969 22.923308980942,62.2944541589823 23.0794945666348,63.6056306017563 23.4695024977539,62.3820980663877 24.0812687857318,63.2815348117147 24.0812687827532,64.6958270433825 23.3741226405923,64.6958270433825 23.3741226405923,64.6958270433825 23.3741226405923))",cebreado-convergente_10deg__0.4_1_101,cebreado-convergente,10deg,,0.400000000000000,1.000000000000000,M7.2b,M7.2b,M7.2b,"1",1.173101000000000,7.654000000000000,"1",catalog/M7_2b.png,,,
"POLYGON((59.3340014237911 19.0685424499819,61.0860069601331 19.2701732090572,59.5086223098915 20.0588658276377,60.4080589700025 20.058865705513,62.4754287449177 19.0251804234277,60.1791953572538 18.7609168499969,59.3340014237911 19.0685424499819))",cebreado-convergente_20deg__0.4_1_102,cebreado-convergente,20deg,,0.400000000000000,1.000000000000000,M7.2b,M7.2b,M7.2b,"1",1.620906000000000,9.893000000000001,"1",catalog/M7_2b.png,,,
"POLYGON((64.0659987267572 22.7671233861372,63.1802264302969 22.923308980942,64.6958270433825 23.3741226405923,63.2815348117147 24.0812687827532,64.18097158405 24.0812687797745,65.7860235238913 23.2787427765818,65.7860235238913 23.2787427765818,65.7860235238913 23.2787427765818,64.0659987267572 22.7671233861372))",cebreado-convergente_10deg__0.4_1_103,cebreado-convergente,10deg,,0.400000000000000,1.000000000000000,M7.2b,M7.2b,M7.2b,"1",1.342771000000000,8.503000000000000,"1",catalog/M7_2b.png,,,
"POLYGON((64.9517710481305 22.6109377822203,64.0659987267572 22.7671233861372,65.7860235238913 23.2787427765818,64.18097158405 24.0812687797745,65.0804083824623 24.0812687767959,66.8762200435158 23.1833629057226,66.8762200435158 23.1833629057226,66.8762200435158 23.1833629057226,64.9517710481305 22.6109377822203))",cebreado-convergente_10deg__0.4_1_104,cebreado-convergente,10deg,,0.400000000000000,1.000000000000000,M7.2b,M7.2b,M7.2b,"1",1.512441000000000,9.351000000000001,"1",catalog/M7_2b.png,,,
"POLYGON((65.8375433941837 22.4547521691914,64.9517710481305 22.6109377822203,66.8762200435158 23.1833629057226,65.0804083824623 24.0812687767959,65.9798452074174 24.0812687738172,67.9664166017901 23.0879830280145,67.9664166017901 23.0879830280145,65.8375433941837 22.4547521691914))",cebreado-convergente_10deg__0.4_1_105,cebreado-convergente,10deg,,0.400000000000000,1.000000000000000,M7.2b,M7.2b,M7.2b,"1",1.682112000000000,10.199000000000000,"1",catalog/M7_2b.png,,,
"POLYGON((66.7233157658484 22.2985665470504,65.8375433941837 22.4547521691914,67.9664166017901 23.0879830280145,65.9798452074174 24.0812687738172,66.8792820598464 24.0812687708386,69.0566131984815 22.9926031434577,69.0566131984815 22.9926031434577,69.0566131984815 22.9926031434577,66.7233157658484 22.2985665470504))",cebreado-convergente_10deg__0.4_1_106,cebreado-convergente,10deg,,0.400000000000000,1.000000000000000,M7.2b,M7.2b,M7.2b,"1",1.851782000000000,11.048000000000000,"1",catalog/M7_2b.png,,,
"POLYGON((67.6090881621931 22.1423809157974,66.7233157658484 22.2985665470504,69.0566131984815 22.9926031434577,66.8792820598464 24.0812687708386,67.7787189378869 24.0812687678599,70.1468098342884 22.897223252052,70.1468098342884 22.897223252052,67.6090881621931 22.1423809157974))",cebreado-convergente_10deg__0.4_1_107,cebreado-convergente,10deg,,0.400000000000000,1.000000000000000,M7.2b,M7.2b,M7.2b,"1",2.021452000000000,11.896000000000001,"1",catalog/M7_2b.png,,,
"POLYGON((68.4948605836835 21.9861952754323,67.6090881621931 22.1423809157974,70.1468098342884 22.897223252052,67.7787189378869 24.0812687678599,68.6781558429357 24.0812687648813,71.2370065094437 22.8018433537975,71.2370065094437 22.8018433537975,71.2370065094437 22.8018433537975,68.4948605836835 21.9861952754323))",cebreado-convergente_10deg__0.4_1_108,cebreado-convergente,10deg,,0.400000000000000,1.000000000000000,M7.2b,M7.2b,M7.2b,"1",2.191123000000000,12.744000000000000,"1",catalog/M7_2b.png,,,
"POLYGON((69.3806330303196 21.8300096259551,68.4948605836835 21.9861952754323,71.2370065094437 22.8018433537975,68.6781558429357 24.0812687648813,69.5775927745271 24.0812687619026,72.3272032232489 22.7064634486943,72.3272032232489 22.7064634486943,69.3806330303196 21.8300096259551))",cebreado-convergente_10deg__0.4_1_109,cebreado-convergente,10deg,,0.400000000000000,1.000000000000000,M7.2b,M7.2b,M7.2b,"1",2.360793000000000,13.593000000000000,"1",catalog/M7_2b.png,,,
"POLYGON((70.2664055021014 21.6738239673659,69.3806330303196 21.8300096259551,72.3272032232489 22.7064634486943,69.5775927745271 24.0812687619026,70.477029733127 24.081268758924,73.4173999754712 22.6110835367422,73.4173999754712 22.6110835367422,73.4173999754712 22.6110835367422,70.2664055021014 21.6738239673659))",cebreado-convergente_10deg__0.4_1_110,cebreado-convergente,10deg,,0.400000000000000,1.000000000000000,M7.2b,M7.2b,M7.2b,"1",2.530463000000000,14.441000000000001,"1",catalog/M7_2b.png,,,
"POLYGON((71.1521779980976 21.5176382996647,70.2664055021014 21.6738239673659,73.4173999754712 22.6110835367422,70.477029733127 24.081268758924,71.3764667185023 24.0812687559453,74.5075967665762 22.5157036179413,74.5075967665762 22.5157036179413,71.1521779980976 21.5176382996647))",cebreado-convergente_10deg__0.4_1_111,cebreado-convergente,10deg,,0.400000000000000,1.000000000000000,M7.2b,M7.2b,M7.2b,"1",2.700134000000000,15.289999999999999,"1",catalog/M7_2b.png,,,
"POLYGON((72.0379505201709 21.3614526228513,71.1521779980976 21.5176382996647,74.5075967665762 22.5157036179413,71.3764667185023 24.0812687559453,72.2759037299547 24.0812687529667,75.5977935965639 22.4203236922916,75.5977935965639 22.4203236922916,75.5977935965639 22.4203236922916,72.0379505201709 21.3614526228513))",cebreado-convergente_10deg__0.4_1_112,cebreado-convergente,10deg,,0.400000000000000,1.000000000000000,M7.2b,M7.2b,M7.2b,"1",2.869804000000000,16.138000000000002,"1",catalog/M7_2b.png,,,
"POLYGON((72.9237230669241 21.205266936926,72.0379505201709 21.3614526228513,75.5977935965639 22.4203236922916,72.2759037299547 24.0812687529667,73.1753407686483 24.081268749988,76.6879904658999 22.3249437597931,76.6879904658999 22.3249437597931,72.9237230669241 21.205266936926))",cebreado-convergente_10deg__0.4_1_113,cebreado-convergente,10deg,,0.400000000000000,1.000000000000000,M7.2b,M7.2b,M7.2b,"1",3.039474000000000,16.986000000000001,"1",catalog/M7_2b.png,,,
"POLYGON((73.8094956383575 21.0490812418885,72.9237230669241 21.205266936926,76.6879904658999 22.3249437597931,73.1753407686483 24.081268749988,74.0747778334189 24.0812687470094,77.7781873736531 22.2295638204458,77.7781873736531 22.2295638204458,77.7781873736531 22.2295638204458,73.8094956383575 21.0490812418885))",cebreado-convergente_10deg__0.4_1_114,cebreado-convergente,10deg,,0.400000000000000,1.000000000000000,M7.2b,M7.2b,M7.2b,"1",3.209145000000000,17.835000000000001,"1",catalog/M7_2b.png,,,
"POLYGON((74.6952682351694 20.892895537739,73.8094956383575 21.0490812418885,77.7781873736531 22.2295638204458,74.0747778334189 24.0812687470094,74.9742149247322 24.0812687440307,78.8683843205217 22.1341838742497,78.8683843205217 22.1341838742497,74.6952682351694 20.892895537739))",cebreado-convergente_10deg__0.4_1_115,cebreado-convergente,10deg,,0.400000000000000,1.000000000000000,M7.2b,M7.2b,M7.2b,"1",3.378815000000000,18.683000000000000,"1",catalog/M7_2b.png,,,
"POLYGON((75.5810408566613 20.7367098244775,74.6952682351694 20.892895537739,78.8683843205217 22.1341838742497,74.9742149247322 24.0812687440307,75.8736520435195 24.0812687410521,79.9585813058075 22.0388039212047,75.5810408566613 20.7367098244775))",cebreado-convergente_10deg__0.4_1_116,cebreado-convergente,10deg,,0.400000000000000,1.000000000000000,M7.2b,M7.2b,M7.2b,"1",3.548485000000000,19.530999999999999,"1",catalog/M7_2b.png,,,
"POLYGON((61.0243893107399 18.4532912328867,60.1791953572538 18.7609168499969,62.4754287449177 19.0251804234277,60.4080589700025 20.058865705513,61.3074956571218 20.0588655833884,63.8648505902383 18.780187615378,61.0243893107399 18.4532912328867))",cebreado-convergente_20deg__0.4_1_117,cebreado-convergente,20deg,,0.400000000000000,1.000000000000000,M7.2b,M7.2b,M7.2b,"1",2.056721000000000,12.071999999999999,"1",catalog/M7_2b.png,,,
"POLYGON((61.8695832851809 18.1456655986516,61.0243893107399 18.4532912328867,63.8648505902383 18.780187615378,61.3074956571218 20.0588655833884,62.2069323707838 20.0588654612638,65.2542724974919 18.535194784908,61.8695832851809 18.1456655986516))",cebreado-convergente_20deg__0.4_1_118,cebreado-convergente,20deg,,0.400000000000000,1.000000000000000,M7.2b,M7.2b,M7.2b,"1",2.492536000000000,14.252000000000001,"1",catalog/M7_2b.png,,,
"POLYGON((62.714777279878 17.8380399472913,61.8695832851809 18.1456655986516,65.2542724974919 18.535194784908,62.2069323707838 20.0588654612638,63.1063691105228 20.0588653391391,66.6436944662128 18.2902019320178,62.714777279878 17.8380399472913))",cebreado-convergente_20deg__0.4_1_119,cebreado-convergente,20deg,,0.400000000000000,1.000000000000000,M7.2b,M7.2b,M7.2b,"1",2.928351000000000,16.431000000000001,"1",catalog/M7_2b.png,,,
"POLYGON((63.5599712950643 17.530414278806,62.714777279878 17.8380399472913,66.6436944662128 18.2902019320178,63.1063691105228 20.0588653391391,64.0058058772702 20.0588652170145,68.0331164968666 18.0452090567073,63.5599712950643 17.530414278806))",cebreado-convergente_20deg__0.4_1_120,cebreado-convergente,20deg,,0.400000000000000,1.000000000000000,M7.2b,M7.2b,M7.2a,"1",3.364166000000000,18.609999999999999,"1",catalog/M7_2b.png,,,
"POLYGON((64.405165330274 17.2227885931957,63.5599712950643 17.530414278806,68.0331164968666 18.0452090567073,64.0058058772702 20.0588652170145,64.9052426705603 20.0588650948898,69.4225385889877 17.8002161589765,64.405165330274 17.2227885931957))",cebreado-convergente_20deg__0.4_1_121,cebreado-convergente,20deg,,0.400000000000000,1.000000000000000,M7.2b,M7.2b,M7.2b,"1",3.799981000000000,20.789000000000001,"1",catalog/M7_2b.png,,,
"POLYGON((65.2503593866713 16.9151628904602,64.405165330274 17.2227885931957,69.4225385889877 17.8002161589765,64.9052426705603 20.0588650948898,65.8046794908587 20.0588649727652,70.811960742576 17.5552232388255,65.2503593866713 16.9151628904602))",cebreado-convergente_20deg__0.4_1_122,cebreado-convergente,20deg,,0.400000000000000,1.000000000000000,M7.2b,M7.2b,M7.2b,"1",4.235796000000000,22.968000000000000,"1",catalog/M7_2b.png,,,
"POLYGON((66.0955534626264 16.6075371705997,65.2503593866713 16.9151628904602,70.811960742576 17.5552232388255,65.8046794908587 20.0588649727652,66.7041163372342 20.0588648506405,72.2013829580974 17.3102302962542,66.0955534626264 16.6075371705997))",cebreado-convergente_20deg__0.4_1_123,cebreado-convergente,20deg,,0.400000000000000,1.000000000000000,M7.2b,M7.2b,M7.2b,"1",4.671611000000000,25.146999999999998,"1",catalog/M7_2b.png,,,
"POLYGON((66.9407475593034 16.2999114336142,66.0955534626264 16.6075371705997,72.2013829580974 17.3102302962542,66.7041163372342 20.0588648506405,67.6035532108508 20.0588647285159,73.5908052346203 17.0652373312626,66.9407475593034 16.2999114336142))",cebreado-convergente_20deg__0.4_1_124,cebreado-convergente,20deg,,0.400000000000000,1.000000000000000,M7.2b,M7.2b,M7.2b,"1",5.107426000000000,27.326000000000001,"1",catalog/M7_2b.png,,,
"POLYGON((67.7859416764695 15.9922856795036,66.9407475593034 16.2999114336142,73.5908052346203 17.0652373312626,67.6035532108508 20.0588647285159,68.5029901105445 20.0588646063912,74.9802275735419 16.8202443438507,67.7859416764695 15.9922856795036))",cebreado-convergente_20deg__0.4_1_125,cebreado-convergente,20deg,,0.400000000000000,1.000000000000000,M7.2b,M7.2b,M7.2b,"1",5.543241000000000,29.504999999999999,"1",catalog/M7_2b.png,,,
"POLYGON((68.6311358145904 15.6846599082679,67.7859416764695 15.9922856795036,74.9802275735419 16.8202443438507,68.5029901105445 20.0588646063912,69.4024270370137 20.0588644842665,76.3696499734651 16.5752513340186,68.6311358145904 15.6846599082679))",cebreado-convergente_20deg__0.4_1_126,cebreado-convergente,20deg,,0.400000000000000,1.000000000000000,M7.2b,M7.2b,M7.2b,"1",5.979056000000000,31.684000000000001,"1",catalog/M7_2b.png,,,
"POLYGON((69.476329972269 15.3770341199071,68.6311358145904 15.6846599082679,76.3696499734651 16.5752513340186,69.4024270370137 20.0588644842665,70.3018639904913 20.0588643621418,77.7590724353213 16.3302583017662,69.476329972269 15.3770341199071))",cebreado-convergente_20deg__0.4_1_127,cebreado-convergente,20deg,,0.400000000000000,1.000000000000000,M7.2b,M7.2b,M7.2b,"1",6.414871000000000,33.863000000000000,"1",catalog/M7_2b.png,,,
"POLYGON((70.3215241504367 15.0694083144213,69.476329972269 15.3770341199071,77.7590724353213 16.3302583017662,70.3018639904913 20.0588643621418,71.2013009705115 20.0588642400171,79.1484949586447 16.0852652470935,70.3215241504367 15.0694083144213))",cebreado-convergente_20deg__0.4_1_128,cebreado-convergente,20deg,,0.400000000000000,1.000000000000000,M7.2b,M7.2b,M7.2b,"1",6.850687000000000,36.042000000000002,"1",catalog/M7_2b.png,,,
"POLYGON((71.1667183490936 14.7617824918104,70.3215241504367 15.0694083144213,79.1484949586447 16.0852652470935,71.2013009705115 20.0588642400171,72.1007379766088 20.0588641178924,80.5379175434355 15.8402721700005,71.1667183490936 14.7617824918104))",cebreado-convergente_20deg__0.4_1_129,cebreado-convergente,20deg,,0.400000000000000,1.000000000000000,M7.2b,M7.2b,M7.2b,"1",7.286502000000000,38.220999999999997,"1",catalog/M7_2b.png,,,
"POLYGON((72.0119125682395 14.4541566520744,71.1667183490936 14.7617824918104,80.5379175434355 15.8402721700005,72.1007379766088 20.0588641178924,73.0001750099473 20.0588639957677,81.9273401901592 15.5952790704873,72.0119125682395 14.4541566520744))",cebreado-convergente_20deg__0.4_1_130,cebreado-convergente,20deg,,0.400000000000000,1.000000000000000,M7.2b,M7.2b,M7.2b,"1",7.722317000000000,40.399999999999999,"1",catalog/M7_2b.png,,,
"POLYGON((72.8571068083402 14.1465307952134,72.0119125682395 14.4541566520744,81.9273401901592 15.5952790704873,73.0001750099473 20.0588639957677,73.8996120698284 20.058863873643,83.3167628978845 15.3502859485537,72.8571068083402 14.1465307952134))",cebreado-convergente_20deg__0.4_1_131,cebreado-convergente,20deg,,0.400000000000000,1.000000000000000,M7.2b,M7.2b,M7.2b,"1",8.158132000000000,42.579999999999998,"1",catalog/M7_2b.png,,,
"POLYGON((58.5557797271758 12.1146203452686,58.2955107109156 11.1432847599663,56.6131083949003 12.11462111729,58.5557797271758 12.1146203452686))",aux_____132,aux,,,,,,,,"0",0.933013000000000,4.864000000000000,"0",,,,
"POLYGON((59.8533802595921 10.2438474339727,59.074445478851 10.6935661085057,62.736999589717 10.4737266314739,59.4552163591143 12.1146199878307,60.3546530178282 12.1146196303928,64.6750162455719 9.9544356780454,59.8533802595921 10.2438474339727))",cebreado-convergente_30deg__0.4_1_133,cebreado-convergente,30deg,,0.400000000000000,1.000000000000000,M7.2b,M7.2b,M7.2b,"1",3.380848000000000,18.693000000000001,"1",catalog/M7_2b.png,,,
"POLYGON((60.6323150538374 9.79412873636708,59.8533802595921 10.2438474339727,64.6750162455719 9.9544356780454,60.3546530178282 12.1146196303928,61.2540897028521 12.1146192729549,66.6130330164451 9.43514465833098,60.6323150538374 9.79412873636708))",cebreado-convergente_30deg__0.4_1_134,cebreado-convergente,30deg,,0.400000000000000,1.000000000000000,M7.2b,M7.2b,M7.2b,"1",4.304609000000000,23.312000000000001,"1",catalog/M7_2b.png,,,
"POLYGON((61.4112498622853 9.34441001568895,60.6323150538374 9.79412873636708,66.6130330164451 9.43514465833098,61.2540897028521 12.1146192729549,62.1535264144186 12.1146189155169,68.5510499025695 8.91585357233062,61.4112498622853 9.34441001568895))",cebreado-convergente_30deg__0.4_1_135,cebreado-convergente,30deg,,0.400000000000000,1.000000000000000,M7.2b,M7.2b,M7.2b,"1",5.228369000000000,27.931000000000001,"1",catalog/M7_2b.png,,,
"POLYGON((62.1901846828405 8.8946912719383,61.4112498622853 9.34441001568895,68.5510499025695 8.91585357233062,62.1535264144186 12.1146189155169,63.0529631532263 12.114618558079,70.4890669032466 8.39656242004431,62.1901846828405 8.8946912719383))",cebreado-convergente_30deg__0.4_1_136,cebreado-convergente,30deg,,0.400000000000000,1.000000000000000,M7.2b,M7.2b,M7.2b,"1",6.152130000000000,32.549999999999997,"1",catalog/M7_2b.png,,,
"POLYGON((62.9691195171326 8.44497250511512,62.1901846828405 8.8946912719383,70.4890669032466 8.39656242004431,63.0529631532263 12.114618558079,63.9523999185767 12.114618200641,72.427084018942 7.87727120147205,62.9691195171326 8.44497250511512))",cebreado-convergente_30deg__0.4_1_137,cebreado-convergente,30deg,,0.400000000000000,1.000000000000000,M7.2b,M7.2b,M7.2b,"1",7.075890000000000,37.167999999999999,"1",catalog/M7_2b.png,,,
"POLYGON((63.748054364929 7.99525371521941,62.9691195171326 8.44497250511512,72.427084018942 7.87727120147205,63.9523999185767 12.114618200641,64.8518367104698 12.114617843203,74.36510124919 7.35797991661381,63.748054364929 7.99525371521941))",cebreado-convergente_30deg__0.4_1_138,cebreado-convergente,30deg,,0.400000000000000,1.000000000000000,M7.2b,M7.2b,M7.2b,"1",7.999651000000000,41.786999999999999,"1",catalog/M7_2b.png,,,
"POLYGON((64.526989225531 7.54553490225116,63.748054364929 7.99525371521941,74.36510124919 7.35797991661381,64.8518367104698 12.114617843203,65.7512735284399 12.1146174857649,76.3031185942236 6.8386885654696,64.526989225531 7.54553490225116))",cebreado-convergente_30deg__0.4_1_139,cebreado-convergente,30deg,,0.400000000000000,1.000000000000000,M7.2b,M7.2b,M7.2b,"1",8.923411000000000,46.405999999999999,"1",catalog/M7_2b.png,,,
"POLYGON((65.3059241003357 7.09581606621037,64.526989225531 7.54553490225116,76.3031185942236 6.8386885654696,65.7512735284399 12.1146174857649,66.6507103736512 12.1146171283269,78.2411360540427 6.3193971480394,65.3059241003357 7.09581606621037,65.3059241003357 7.09581606621037))",cebreado-convergente_30deg__0.4_1_140,cebreado-convergente,30deg,,0.400000000000000,1.000000000000000,M7.2b,M7.2b,M7.2b,"1",9.847170999999999,51.024999999999999,"1",catalog/M7_2b.png,,,
"POLYGON((66.0848589872476 6.64609720709705,65.3059241003357 7.09581606621037,78.2411360540427 6.3193971480394,66.6507103736512 12.1146171283269,67.5501472454052 12.1146167708889,80.1791536288802 5.80010566432319,66.0848589872476 6.64609720709705))",cebreado-convergente_30deg__0.4_1_141,cebreado-convergente,30deg,,0.400000000000000,1.000000000000000,M7.2b,M7.2b,M7.2b,"1",10.770932000000000,55.643999999999998,"1",catalog/M7_2b.png,,,
"POLYGON((18.2690844044555 22.9751096180218,16.2578856619075 21.9695103883713,15.3584503096063 21.9695104539015,17.3696489923168 22.9751096537655,18.2690844044555 22.9751096180218))",cebreado_derecho__0.4_1_142,cebreado,derecho,,0.400000000000000,1.000000000000000,M7.2a,M7.2a,M7.2a,"1",0.894427000000000,6.261000000000000,"1",catalog/M7_2a.png,,,
"POLYGON((21.4171085560229 22.9751094929188,19.4059096050914 21.9695101590159,18.5064741591923 21.969510224546,20.5176730507519 22.9751095286625,21.4171085560229 22.9751094929188))",cebreado_derecho__0.4_1_143,cebreado,derecho,,0.400000000000000,1.000000000000000,M7.2a,M7.2a,M7.2a,"0",0.894427000000000,6.261000000000000,"0",catalog/M7_2a.png,,,
"POLYGON((21.4171085602138 23.0756694409621,15.3835122769233 23.0756696607568,15.3835122801829 23.1762295888188,21.4171085634734 23.1762293890053,21.4171085602138 23.0756694409621))",aux_____144,aux,,,,,,,,"0",0.600000000000000,12.199999999999999,"0",,,,
"POLYGON((19.299745609751 21.4667104615944,16.2829473565798 19.9583117657339,15.3835120033473 19.9583118908368,18.4003101671115 21.4667105420178,19.299745609751 21.4667104615944))",cebreado_derecho__0.4_1_145,cebreado,derecho,,0.400000000000000,1.000000000000000,M7.2a,M7.2a,M7.2a,"1",1.341641000000000,8.497000000000000,"1",catalog/M7_2a.png,,,
"POLYGON((21.310944250552 19.4555113279284,16.2829467868432 16.9415138345166,15.3835114336107 16.9415140489788,20.4115087483078 19.4555114679246,21.310944250552 19.4555113279284))",cebreado_derecho__0.4_1_146,cebreado,derecho,,0.400000000000000,1.000000000000000,M7.2a,M7.2a,M7.2a,"1",2.236068000000000,12.968999999999999,"1",catalog/M7_2a.png,,,
"POLYGON((22.4477698775008 21.5672701315691,15.3835121847223 21.5672707398278,15.3835121931043 21.6678306678897,22.4477698856499 21.6678300830256,22.4477698775008 21.5672701315691))",aux_____147,aux,,,,,,,,"0",0.702492000000000,14.250000000000000,"0",,,,
"POLYGON((24.4589687332045 19.5560707960585,15.3835119449068 19.5560721785891,15.3835119598079 19.656632106651,24.4589687483385 19.6566307541754,24.4589687332045 19.5560707960585))",aux_____148,aux,,,,,,,,"0",0.902492000000000,18.250000000000000,"0",,,,
"POLYGON((24.9367069571745 23.4779091515447,24.9367069595028 23.5784691112437,29.9897672797088 23.578469010839,29.9897672773805 23.4779090344058,24.9367069571745 23.4779091515447))",aux_____149,aux,,,,,,,,"0",0.502492000000000,10.250000000000000,"0",,,,
"POLYGON((30.9703050663229 21.969509316469,24.936706884997 21.9695097560587,24.9367068919819 22.0700697157578,30.9703050733078 22.0700692961494,30.9703050663229 21.969509316469))",aux_____150,aux,,,,,,,,"0",0.600000000000000,12.199999999999999,"0",,,,
"POLYGON((32.0009665871039 19.9583095795052,24.9367066717241 19.9583105620774,24.9367066856939 20.0588705217765,32.0009666008409 20.0588695625989,32.0009665871039 19.9583095795052))",aux_____151,aux,,,,,,,,"0",0.702492000000000,14.250000000000000,"0",,,,
"POLYGON((34.0121657461859 16.9415096071435,24.9367061022203 16.9415117711056,24.9367061259691 17.0420717308046,34.0121657699347 17.0420695968976,34.0121657461859 16.9415096071435))",aux_____152,aux,,,,,,,,"0",0.902492000000000,18.250000000000000,"0",,,,
"POLYGON((30.038988361368 22.1706293375143,28.0277889461722 23.1762291700807,28.9272246735636 23.1762291402943,30.9384241485968 22.1706292779414,30.038988361368 22.1706293375143))",cebreado_izquierdo__0.4_1_153,cebreado,izquierdo,,0.400000000000000,1.000000000000000,M7.2a,M7.2a,M7.2a,"0",0.894427000000000,6.261000000000000,"0",catalog/M7_2a.png,,,
"POLYGON((26.8909633159637 22.1706295460194,24.8797641086858 23.1762292743332,25.7791997429449 23.1762292445468,27.7903990095947 22.1706294864465,26.8909633159637 22.1706295460194))",cebreado_izquierdo__0.4_1_154,cebreado,izquierdo,,0.400000000000000,1.000000000000000,M7.2a,M7.2a,M7.2a,"1",0.894427000000000,6.261000000000000,"1",catalog/M7_2a.png,,,
"POLYGON((28.0847318081651 24.1818288694381,28.984167537652 24.1818288694381,29.9897672813386 23.6790289872722,29.0903315222822 23.6790290021654,28.0847318081651 24.1818288694381))",cebreado_izquierdo__0.4_1_155,cebreado,izquierdo,,0.400000000000000,1.000000000000000,M7.2a,M7.2a,M7.2a,"0",0.447214000000000,4.025000000000001,"0",catalog/M7_2a.png,,,
"POLYGON((24.9367069653235 24.1818288694381,25.8361426016781 24.1818288694381,26.841742240591 23.6790290393985,25.9423065748997 23.6790290542917,24.9367069653235 24.1818288694381))",cebreado_izquierdo__0.4_1_156,cebreado,izquierdo,,0.400000000000000,1.000000000000000,M7.2a,M7.2a,M7.2a,"1",0.447214000000000,4.025000000000001,"1",catalog/M7_2a.png,,,
"POLYGON((33.1127299151849 17.1426297951569,28.0847314710263 19.6566302138438,28.9841672002804 19.6566300798048,34.0121657934505 17.1426295866517,33.1127299151849 17.1426297951569))",cebreado_izquierdo__0.4_1_157,cebreado,izquierdo,,0.400000000000000,1.000000000000000,M7.2a,M7.2a,M7.2a,"0",2.236068000000000,12.968999999999999,"0",catalog/M7_2a.png,,,
"POLYGON((28.9841674340423 21.6678295418641,32.0009666145779 20.1594295456925,31.1015307956841 20.1594296648383,28.0847317047883 21.6678296163302,28.9841674340423 21.6678295418641))",cebreado_izquierdo__0.4_1_158,cebreado,izquierdo,,0.400000000000000,1.000000000000000,M7.2a,M7.2a,M7.2a,"0",1.341641000000000,8.497000000000000,"0",catalog/M7_2a.png,,,
"POLYGON((24.9367068617139 21.6678298769615,25.8361424978357 21.6678298024954,28.8529413654469 20.1594299627028,27.9535056399181 20.1594300818485,24.9367068617139 21.6678298769615))",cebreado_izquierdo__0.4_1_159,cebreado,izquierdo,,0.400000000000000,1.000000000000000,,,,"1",1.341641000000000,8.497000000000000,"1",,,,
"POLYGON((30.8641403359361 17.1426303164197,29.9647045510355 17.1426305249248,24.9367066281848 19.6566306829802,25.8361422645394 19.6566305489413,30.8641403359361 17.1426303164197))",cebreado_izquierdo__0.4_1_160,cebreado,izquierdo,,0.400000000000000,1.000000000000000,M7.2a,M7.2a,M7.2a,"1",2.236068000000000,12.968999999999999,"1",catalog/M7_2a.png,,,
"POLYGON((21.5483343324158 21.466710260536,22.4477698681876 21.4667101801126,19.4309713023249 19.9583113278734,18.5315358557273 19.9583114529764,21.5483343324158 21.466710260536))",cebreado_derecho__0.4_1_161,cebreado,derecho,,0.400000000000000,1.000000000000000,M7.2a,M7.2a,M7.2a,"0",1.341641000000000,8.497000000000000,"0",catalog/M7_2a.png,,,
"POLYGON((24.4589687171392 19.4555108379415,19.4309707328212 16.9415130838986,18.5315352857579 16.9415132983609,23.5595331222285 19.4555109779378,24.4589687171392 19.4555108379415))",cebreado_derecho__0.4_1_162,cebreado,derecho,,0.400000000000000,1.000000000000000,M7.2a,M7.2a,M7.2a,"0",2.236068000000000,12.968999999999999,"0",catalog/M7_2a.png,,,
"POLYGON((58.5557797271758 12.1146203452686,59.4552163591143 12.1146199878307,62.736999589717 10.4737266314739,59.074445478851 10.6935661085057,58.2955107109156 11.1432847599663,60.7989830486476 10.9930175186165,58.5557797271758 12.1146203452686))",cebreado-convergente_30deg__0.4_1_163,cebreado-convergente,30deg,,0.400000000000000,1.000000000000000,M7.2a,M7.2a,M7.2a,"1",2.457088000000000,14.074000000000000,"1",catalog/M7_2a.png,,,
"POLYGON((33.467455769073 40.2900617310219,32.8668737430114 39.6839371585272,32.7167282372818 39.5324060163377,31.2083450042398 39.5254778385816,27.2362692460872 39.5072336363263,27.2355764287629 39.6580719537708,31.3584905080485 39.6770089789172,31.9590725265432 40.2831335440025,30.7523659460118 40.2775909942619,32.7118785084446 40.5882742860262,34.7747212608799 40.2960661596349,33.467455769073 40.2900617310219))",flecha_izquierda__7.5__28,flecha,izquierda,,7.500000000000000,,M5.1c,M5.1c,M5.12,"1",2.328750000000000,18.154000000000000,"1",catalog/M5_1c.png,Point (27.23592284 39.5826528),Point (31.35883692 39.60158982),"Autopistas, autovias,
carreteras multicarril y
carreteras convencionales"
"POLYGON((31.5878043490656 41.9011638140833,31.5864187195392 42.2028404512514,27.0612692460844 42.182055992523,27.0605764303317 42.3328943054978,27.7644885600738 42.3361274444959,28.3650705528989 42.9422519648679,27.1583640425078 42.9367094349203,29.1178764959758 43.2473926771124,31.180719124487 42.955184534319,29.8734537081754 42.9491801271479,29.2728717078416 42.3430555993677,29.6173043708976 42.3446376130491,31.5857259040776 42.3536787698355,31.5843402723393 42.655355407009,34.6028387205869 42.2921159173663,31.5878043490656 41.9011638140833))",flecha_frente-izquierda__7.5__29,flecha,frente-izquierda,,7.500000000000000,,M5.1e,M5.1e,M5.13,"1",3.300000000000000,22.539000000000001,"1",catalog/M5_1e.png,Point (27.06092284 42.25747515),Point (34.60283872 42.29211592),"Autopistas, autovias,
carreteras multicarril y
carreteras convencionales"
"POLYGON((15.511748250341 52.6038341089333,15.8657191882376 52.617108350967,15.8657193246763 52.4710953331024,15.7329802177846 52.4710952094382,15.6754599919077 52.4135748764458,15.6754600906279 52.3073835913915,15.7506789704785 52.2498633815155,15.8524456194136 52.2498634755833,16.4940176352393 52.6171089393321,16.9055088914465 52.6038354135002,16.994001715444 52.515342754942,16.994001990417 52.2188920712927,16.8745368833188 52.1171253087913,16.4940180995036 52.117124958723,16.5117165248375 52.2498640849789,16.626757087186 52.2498641913164,16.7019758631941 52.3073845421937,16.6710032641422 52.4578221722649,16.5382641295437 52.4843698706766,15.8789935631212 52.1171243929149,15.4984747918788 52.1171240428466,15.3834341401234 52.2188905842105,15.3834338651504 52.5153412521361,15.4409540730994 52.5905601321405,15.511748250341 52.6038341089333)),((16.7285239708144 51.9976599746336,16.9940021941438 51.9976602178229,16.9940025957767 51.5551965108833,16.7019765505102 51.5551962476304,16.7019764028955 51.7189078176236,15.3834346134681 51.701208074549,15.3834344770294 51.8516457269292,16.7019762820564 51.8516469284288,16.7019761486445 51.9976599503147,16.7285239708144 51.9976599746336)),((15.5427217793185 51.4357300074321,16.8922360513825 51.4357312186704,16.9940027943812 51.3339646574136,16.9940030584112 51.0375139737642,16.9055103950668 50.9490211543693,15.4852019331884 50.9490199023561,15.3834352076519 51.0375125493422,15.3834349324461 51.3472371277721,15.454229054274 51.4224560174715,15.5427217793185 51.4357300074321),(16.6842783864122 51.1260064403221,16.7019768285099 51.2454716557514,16.6267579474952 51.3029918699175,15.7329812836833 51.3029910716274,15.6754610552453 51.2454707408479,15.6754611458164 51.1437040926707,15.7329814804252 51.0817592273451,16.6400320557877 51.0817600308825,16.6842783864122 51.1260064403221)),((15.4232571183238 50.8339792898976,16.9940032374579 50.8339806685719,16.9940035843756 50.4357633323264,16.8745384754147 50.3295719397884,16.1311994597781 50.3295712996932,16.0427066942211 50.3605436820068,15.9984602753539 50.4180639238773,15.9851861188654 50.7012406754415,15.3834355187137 50.6835416025651,15.3834353871644 50.8339792549453,15.4232571183238 50.8339792898976),(16.70197735494 50.6481456571276,16.7019773086067 50.7012413014496,16.2904860679992 50.7012409420746,16.2904862219002 50.5242554633994,16.3789790149312 50.4623106224516,16.6134847758804 50.4623108254115,16.7019774627406 50.524255820376,16.70197735494 50.6481456571276))",senal_stop__1.6__34,senal,stop,,1.600000000000000,,M6.4,M6.4,M6.4,"1",0.473855000000000,5.481000000000000,"1",catalog/M6_4.png,Point (15.38343387 52.51534125),Point (15.38343552 50.6835416),Travesias y vias urbanas
